<?xml version="1.0" encoding="UTF-8"?>
<GenRun Id="synth_1" LaunchPart="xc7a35tcpg236-1" LaunchTime="1552631240">
  <File Type="PA-TCL" Name="RAT_WRAPPER.tcl"/>
  <File Type="RDS-PROPCONSTRS" Name="RAT_WRAPPER_drc_synth.rpt"/>
  <File Type="REPORTS-TCL" Name="RAT_WRAPPER_reports.tcl"/>
  <File Type="RDS-RDS" Name="RAT_WRAPPER.vds"/>
  <File Type="RDS-UTIL" Name="RAT_WRAPPER_utilization_synth.rpt"/>
  <File Type="RDS-UTIL-PB" Name="RAT_WRAPPER_utilization_synth.pb"/>
  <File Type="RDS-DCP" Name="RAT_WRAPPER.dcp"/>
  <File Type="VDS-TIMINGSUMMARY" Name="RAT_WRAPPER_timing_summary_synth.rpt"/>
  <File Type="VDS-TIMING-PB" Name="RAT_WRAPPER_timing_summary_synth.pb"/>
  <FileSet Name="sources" Type="DesignSrcs" RelSrcDir="$PSRCDIR/sources_1">
    <Filter Type="Srcs"/>
    <File Path="$PSRCDIR/sources_1/imports/imports/233_Final_Project-master/ALU.sv">
      <FileInfo>
        <Attr Name="ImportPath" Val="$PPRDIR/../Desktop/RAT/RAT_MCU-master/Push 3.14/FINAL_RAT/FINAL_RAT.srcs/sources_1/imports/233_Final_Project-master/ALU.sv"/>
        <Attr Name="ImportTime" Val="1552608551"/>
        <Attr Name="UsedIn" Val="synthesis"/>
        <Attr Name="UsedIn" Val="implementation"/>
        <Attr Name="UsedIn" Val="simulation"/>
      </FileInfo>
    </File>
    <File Path="$PSRCDIR/sources_1/imports/imports/233_Final_Project-master/ALU_MUX.sv">
      <FileInfo>
        <Attr Name="ImportPath" Val="$PPRDIR/../Desktop/RAT/RAT_MCU-master/Push 3.14/FINAL_RAT/FINAL_RAT.srcs/sources_1/imports/233_Final_Project-master/ALU_MUX.sv"/>
        <Attr Name="ImportTime" Val="1552608551"/>
        <Attr Name="UsedIn" Val="synthesis"/>
        <Attr Name="UsedIn" Val="implementation"/>
        <Attr Name="UsedIn" Val="simulation"/>
      </FileInfo>
    </File>
    <File Path="$PSRCDIR/sources_1/imports/imports/233_Final_Project-master/BCD.sv">
      <FileInfo>
        <Attr Name="ImportPath" Val="$PPRDIR/../Desktop/RAT/RAT_MCU-master/Push 3.14/FINAL_RAT/FINAL_RAT.srcs/sources_1/imports/233_Final_Project-master/BCD.sv"/>
        <Attr Name="ImportTime" Val="1552608551"/>
        <Attr Name="UsedIn" Val="synthesis"/>
        <Attr Name="UsedIn" Val="implementation"/>
        <Attr Name="UsedIn" Val="simulation"/>
      </FileInfo>
    </File>
    <File Path="$PSRCDIR/sources_1/imports/imports/233_Final_Project-master/CONTROL_UNIT.sv">
      <FileInfo>
        <Attr Name="ImportPath" Val="$PPRDIR/../Desktop/RAT/RAT_MCU-master/Push 3.14/FINAL_RAT/FINAL_RAT.srcs/sources_1/imports/233_Final_Project-master/CONTROL_UNIT.sv"/>
        <Attr Name="ImportTime" Val="1552608551"/>
        <Attr Name="UsedIn" Val="synthesis"/>
        <Attr Name="UsedIn" Val="implementation"/>
        <Attr Name="UsedIn" Val="simulation"/>
      </FileInfo>
    </File>
    <File Path="$PSRCDIR/sources_1/imports/imports/233_Final_Project-master/C_FLAG_CONTROLLER.sv">
      <FileInfo>
        <Attr Name="ImportPath" Val="$PPRDIR/../Desktop/RAT/RAT_MCU-master/Push 3.14/FINAL_RAT/FINAL_RAT.srcs/sources_1/imports/233_Final_Project-master/C_FLAG_CONTROLLER.sv"/>
        <Attr Name="ImportTime" Val="1552608551"/>
        <Attr Name="UsedIn" Val="synthesis"/>
        <Attr Name="UsedIn" Val="implementation"/>
        <Attr Name="UsedIn" Val="simulation"/>
      </FileInfo>
    </File>
    <File Path="$PSRCDIR/sources_1/imports/imports/233_Final_Project-master/CathodeDriver.sv">
      <FileInfo>
        <Attr Name="ImportPath" Val="$PPRDIR/../Desktop/RAT/RAT_MCU-master/Push 3.14/FINAL_RAT/FINAL_RAT.srcs/sources_1/imports/233_Final_Project-master/CathodeDriver.sv"/>
        <Attr Name="ImportTime" Val="1552608551"/>
        <Attr Name="UsedIn" Val="synthesis"/>
        <Attr Name="UsedIn" Val="implementation"/>
        <Attr Name="UsedIn" Val="simulation"/>
      </FileInfo>
    </File>
    <File Path="$PSRCDIR/sources_1/imports/imports/233_Final_Project-master/INDIVIDUAL_FLAG.sv">
      <FileInfo>
        <Attr Name="ImportPath" Val="$PPRDIR/../Desktop/RAT/RAT_MCU-master/Push 3.14/FINAL_RAT/FINAL_RAT.srcs/sources_1/imports/233_Final_Project-master/INDIVIDUAL_FLAG.sv"/>
        <Attr Name="ImportTime" Val="1552608551"/>
        <Attr Name="UsedIn" Val="synthesis"/>
        <Attr Name="UsedIn" Val="implementation"/>
        <Attr Name="UsedIn" Val="simulation"/>
      </FileInfo>
    </File>
    <File Path="$PSRCDIR/sources_1/imports/imports/233_Final_Project-master/INTERRUPT.sv">
      <FileInfo>
        <Attr Name="ImportPath" Val="$PPRDIR/../Desktop/RAT/RAT_MCU-master/Push 3.14/FINAL_RAT/FINAL_RAT.srcs/sources_1/imports/233_Final_Project-master/INTERRUPT.sv"/>
        <Attr Name="ImportTime" Val="1552608551"/>
        <Attr Name="UsedIn" Val="synthesis"/>
        <Attr Name="UsedIn" Val="implementation"/>
        <Attr Name="UsedIn" Val="simulation"/>
      </FileInfo>
    </File>
    <File Path="$PSRCDIR/sources_1/imports/imports/233_Final_Project-master/INTERRUPT_HANDLER.sv">
      <FileInfo>
        <Attr Name="ImportPath" Val="$PPRDIR/../Desktop/RAT/RAT_MCU-master/Push 3.14/FINAL_RAT/FINAL_RAT.srcs/sources_1/imports/233_Final_Project-master/INTERRUPT_HANDLER.sv"/>
        <Attr Name="ImportTime" Val="1552608551"/>
        <Attr Name="UsedIn" Val="synthesis"/>
        <Attr Name="UsedIn" Val="implementation"/>
        <Attr Name="UsedIn" Val="simulation"/>
      </FileInfo>
    </File>
    <File Path="$PSRCDIR/sources_1/imports/imports/Keyboard_sv/KeyboardDriver.sv">
      <FileInfo>
        <Attr Name="ImportPath" Val="$PPRDIR/../Desktop/RAT/RAT_MCU-master/Push 3.14/FINAL_RAT/FINAL_RAT.srcs/sources_1/imports/Keyboard_sv/KeyboardDriver.sv"/>
        <Attr Name="ImportTime" Val="1552608551"/>
        <Attr Name="UsedIn" Val="synthesis"/>
        <Attr Name="UsedIn" Val="implementation"/>
        <Attr Name="UsedIn" Val="simulation"/>
      </FileInfo>
    </File>
    <File Path="$PSRCDIR/sources_1/imports/imports/233_Final_Project-master/MCU.sv">
      <FileInfo>
        <Attr Name="ImportPath" Val="$PPRDIR/../Desktop/RAT/RAT_MCU-master/Push 3.14/FINAL_RAT/FINAL_RAT.srcs/sources_1/imports/233_Final_Project-master/MCU.sv"/>
        <Attr Name="ImportTime" Val="1552608551"/>
        <Attr Name="UsedIn" Val="synthesis"/>
        <Attr Name="UsedIn" Val="implementation"/>
        <Attr Name="UsedIn" Val="simulation"/>
      </FileInfo>
    </File>
    <File Path="$PSRCDIR/sources_1/imports/imports/233_Final_Project-master/PC.sv">
      <FileInfo>
        <Attr Name="ImportPath" Val="$PPRDIR/../Desktop/RAT/RAT_MCU-master/Push 3.14/FINAL_RAT/FINAL_RAT.srcs/sources_1/imports/233_Final_Project-master/PC.sv"/>
        <Attr Name="ImportTime" Val="1552608551"/>
        <Attr Name="UsedIn" Val="synthesis"/>
        <Attr Name="UsedIn" Val="implementation"/>
        <Attr Name="UsedIn" Val="simulation"/>
      </FileInfo>
    </File>
    <File Path="$PSRCDIR/sources_1/imports/imports/233_Final_Project-master/PC_MUX.sv">
      <FileInfo>
        <Attr Name="ImportPath" Val="$PPRDIR/../Desktop/RAT/RAT_MCU-master/Push 3.14/FINAL_RAT/FINAL_RAT.srcs/sources_1/imports/233_Final_Project-master/PC_MUX.sv"/>
        <Attr Name="ImportTime" Val="1552608551"/>
        <Attr Name="UsedIn" Val="synthesis"/>
        <Attr Name="UsedIn" Val="implementation"/>
        <Attr Name="UsedIn" Val="simulation"/>
      </FileInfo>
    </File>
    <File Path="$PSRCDIR/sources_1/imports/imports/233_Final_Project-master/ProgROM.sv">
      <FileInfo>
        <Attr Name="ImportPath" Val="$PPRDIR/../Desktop/RAT/RAT_MCU-master/Push 3.14/FINAL_RAT/FINAL_RAT.srcs/sources_1/imports/233_Final_Project-master/ProgROM.sv"/>
        <Attr Name="ImportTime" Val="1552608551"/>
        <Attr Name="UsedIn" Val="synthesis"/>
        <Attr Name="UsedIn" Val="implementation"/>
        <Attr Name="UsedIn" Val="simulation"/>
      </FileInfo>
    </File>
    <File Path="$PSRCDIR/sources_1/imports/new/RANDOM_GENERATOR.sv">
      <FileInfo>
        <Attr Name="ImportPath" Val="$PPRDIR/../Desktop/RAT/RAT_MCU-master/Push 3.14/FINAL_RAT/FINAL_RAT.srcs/sources_1/new/RANDOM_GENERATOR.sv"/>
        <Attr Name="ImportTime" Val="1552608551"/>
        <Attr Name="UsedIn" Val="synthesis"/>
        <Attr Name="UsedIn" Val="implementation"/>
        <Attr Name="UsedIn" Val="simulation"/>
      </FileInfo>
    </File>
    <File Path="$PSRCDIR/sources_1/imports/imports/233_Final_Project-master/REG.sv">
      <FileInfo>
        <Attr Name="ImportPath" Val="$PPRDIR/../Desktop/RAT/RAT_MCU-master/Push 3.14/FINAL_RAT/FINAL_RAT.srcs/sources_1/imports/233_Final_Project-master/REG.sv"/>
        <Attr Name="ImportTime" Val="1552608551"/>
        <Attr Name="UsedIn" Val="synthesis"/>
        <Attr Name="UsedIn" Val="implementation"/>
        <Attr Name="UsedIn" Val="simulation"/>
      </FileInfo>
    </File>
    <File Path="$PSRCDIR/sources_1/imports/imports/233_Final_Project-master/REG_MUX.sv">
      <FileInfo>
        <Attr Name="ImportPath" Val="$PPRDIR/../Desktop/RAT/RAT_MCU-master/Push 3.14/FINAL_RAT/FINAL_RAT.srcs/sources_1/imports/233_Final_Project-master/REG_MUX.sv"/>
        <Attr Name="ImportTime" Val="1552608551"/>
        <Attr Name="UsedIn" Val="synthesis"/>
        <Attr Name="UsedIn" Val="implementation"/>
        <Attr Name="UsedIn" Val="simulation"/>
      </FileInfo>
    </File>
    <File Path="$PSRCDIR/sources_1/imports/imports/233_Final_Project-master/SCRATCH_RAM.sv">
      <FileInfo>
        <Attr Name="ImportPath" Val="$PPRDIR/../Desktop/RAT/RAT_MCU-master/Push 3.14/FINAL_RAT/FINAL_RAT.srcs/sources_1/imports/233_Final_Project-master/SCRATCH_RAM.sv"/>
        <Attr Name="ImportTime" Val="1552608551"/>
        <Attr Name="UsedIn" Val="synthesis"/>
        <Attr Name="UsedIn" Val="implementation"/>
        <Attr Name="UsedIn" Val="simulation"/>
      </FileInfo>
    </File>
    <File Path="$PSRCDIR/sources_1/imports/imports/233_Final_Project-master/SCR_MUX.sv">
      <FileInfo>
        <Attr Name="ImportPath" Val="$PPRDIR/../Desktop/RAT/RAT_MCU-master/Push 3.14/FINAL_RAT/FINAL_RAT.srcs/sources_1/imports/233_Final_Project-master/SCR_MUX.sv"/>
        <Attr Name="ImportTime" Val="1552608551"/>
        <Attr Name="UsedIn" Val="synthesis"/>
        <Attr Name="UsedIn" Val="implementation"/>
        <Attr Name="UsedIn" Val="simulation"/>
      </FileInfo>
    </File>
    <File Path="$PSRCDIR/sources_1/imports/imports/233_Final_Project-master/SHADOW_FLAGS.sv">
      <FileInfo>
        <Attr Name="ImportPath" Val="$PPRDIR/../Desktop/RAT/RAT_MCU-master/Push 3.14/FINAL_RAT/FINAL_RAT.srcs/sources_1/imports/233_Final_Project-master/SHADOW_FLAGS.sv"/>
        <Attr Name="ImportTime" Val="1552608551"/>
        <Attr Name="UsedIn" Val="synthesis"/>
        <Attr Name="UsedIn" Val="implementation"/>
        <Attr Name="UsedIn" Val="simulation"/>
      </FileInfo>
    </File>
    <File Path="$PSRCDIR/sources_1/imports/imports/233_Final_Project-master/SHADOW_MUX.sv">
      <FileInfo>
        <Attr Name="ImportPath" Val="$PPRDIR/../Desktop/RAT/RAT_MCU-master/Push 3.14/FINAL_RAT/FINAL_RAT.srcs/sources_1/imports/233_Final_Project-master/SHADOW_MUX.sv"/>
        <Attr Name="ImportTime" Val="1552608551"/>
        <Attr Name="UsedIn" Val="synthesis"/>
        <Attr Name="UsedIn" Val="implementation"/>
        <Attr Name="UsedIn" Val="simulation"/>
      </FileInfo>
    </File>
    <File Path="$PSRCDIR/sources_1/imports/imports/233_Final_Project-master/SP_MUX.sv">
      <FileInfo>
        <Attr Name="ImportPath" Val="$PPRDIR/../Desktop/RAT/RAT_MCU-master/Push 3.14/FINAL_RAT/FINAL_RAT.srcs/sources_1/imports/233_Final_Project-master/SP_MUX.sv"/>
        <Attr Name="ImportTime" Val="1552608551"/>
        <Attr Name="UsedIn" Val="synthesis"/>
        <Attr Name="UsedIn" Val="implementation"/>
        <Attr Name="UsedIn" Val="simulation"/>
      </FileInfo>
    </File>
    <File Path="$PSRCDIR/sources_1/imports/imports/233_Final_Project-master/STACK_POINTER.sv">
      <FileInfo>
        <Attr Name="ImportPath" Val="$PPRDIR/../Desktop/RAT/RAT_MCU-master/Push 3.14/FINAL_RAT/FINAL_RAT.srcs/sources_1/imports/233_Final_Project-master/STACK_POINTER.sv"/>
        <Attr Name="ImportTime" Val="1552608551"/>
        <Attr Name="UsedIn" Val="synthesis"/>
        <Attr Name="UsedIn" Val="implementation"/>
        <Attr Name="UsedIn" Val="simulation"/>
      </FileInfo>
    </File>
    <File Path="$PSRCDIR/sources_1/imports/imports/233_Final_Project-master/SevSegDisp.sv">
      <FileInfo>
        <Attr Name="ImportPath" Val="$PPRDIR/../Desktop/RAT/RAT_MCU-master/Push 3.14/FINAL_RAT/FINAL_RAT.srcs/sources_1/imports/233_Final_Project-master/SevSegDisp.sv"/>
        <Attr Name="ImportTime" Val="1552608551"/>
        <Attr Name="UsedIn" Val="synthesis"/>
        <Attr Name="UsedIn" Val="implementation"/>
        <Attr Name="UsedIn" Val="simulation"/>
      </FileInfo>
    </File>
    <File Path="$PSRCDIR/sources_1/imports/VGA_40x30_sv/ram2k_8.sv">
      <FileInfo>
        <Attr Name="ImportPath" Val="$PPRDIR/../Downloads/VGA_40x30_sv/ram2k_8.sv"/>
        <Attr Name="ImportTime" Val="1552609037"/>
        <Attr Name="UsedIn" Val="synthesis"/>
        <Attr Name="UsedIn" Val="implementation"/>
        <Attr Name="UsedIn" Val="simulation"/>
      </FileInfo>
    </File>
    <File Path="$PSRCDIR/sources_1/imports/VGA_40x30_sv/vga_driver.sv">
      <FileInfo>
        <Attr Name="ImportPath" Val="$PPRDIR/../Downloads/VGA_40x30_sv/vga_driver.sv"/>
        <Attr Name="ImportTime" Val="1552609037"/>
        <Attr Name="UsedIn" Val="synthesis"/>
        <Attr Name="UsedIn" Val="implementation"/>
        <Attr Name="UsedIn" Val="simulation"/>
      </FileInfo>
    </File>
    <File Path="$PSRCDIR/sources_1/imports/VGA_40x30_sv/vga_fb_driver.sv">
      <FileInfo>
        <Attr Name="ImportPath" Val="$PPRDIR/../Downloads/VGA_40x30_sv/vga_fb_driver.sv"/>
        <Attr Name="ImportTime" Val="1552609037"/>
        <Attr Name="UsedIn" Val="synthesis"/>
        <Attr Name="UsedIn" Val="implementation"/>
        <Attr Name="UsedIn" Val="simulation"/>
      </FileInfo>
    </File>
    <File Path="$PSRCDIR/sources_1/imports/imports/233_Final_Project-master/RAT_WRAPPER.sv">
      <FileInfo>
        <Attr Name="ImportPath" Val="$PPRDIR/../Desktop/RAT/RAT_MCU-master/Push 3.14/FINAL_RAT/FINAL_RAT.srcs/sources_1/imports/233_Final_Project-master/RAT_WRAPPER.sv"/>
        <Attr Name="ImportTime" Val="1552608551"/>
        <Attr Name="UsedIn" Val="synthesis"/>
        <Attr Name="UsedIn" Val="implementation"/>
        <Attr Name="UsedIn" Val="simulation"/>
      </FileInfo>
    </File>
    <File Path="$PSRCDIR/sources_1/imports/imports/233_Final_Project-master/DEBOUNCE.sv">
      <FileInfo>
        <Attr Name="AutoDisabled" Val="1"/>
        <Attr Name="ImportPath" Val="$PPRDIR/../Desktop/RAT/RAT_MCU-master/Push 3.14/FINAL_RAT/FINAL_RAT.srcs/sources_1/imports/233_Final_Project-master/DEBOUNCE.sv"/>
        <Attr Name="ImportTime" Val="1552608551"/>
        <Attr Name="UsedIn" Val="synthesis"/>
        <Attr Name="UsedIn" Val="implementation"/>
        <Attr Name="UsedIn" Val="simulation"/>
      </FileInfo>
    </File>
    <File Path="$PSRCDIR/sources_1/imports/imports/233_Final_Project-master/FLAGS.sv">
      <FileInfo>
        <Attr Name="AutoDisabled" Val="1"/>
        <Attr Name="ImportPath" Val="$PPRDIR/../Desktop/RAT/RAT_MCU-master/Push 3.14/FINAL_RAT/FINAL_RAT.srcs/sources_1/imports/233_Final_Project-master/FLAGS.sv"/>
        <Attr Name="ImportTime" Val="1552608551"/>
        <Attr Name="UsedIn" Val="synthesis"/>
        <Attr Name="UsedIn" Val="implementation"/>
        <Attr Name="UsedIn" Val="simulation"/>
      </FileInfo>
    </File>
    <File Path="$PSRCDIR/sources_1/imports/imports/RatSimulator/RAT_FINAL_V16.mem">
      <FileInfo>
        <Attr Name="ImportPath" Val="$PPRDIR/../Desktop/RAT/RAT_MCU-master/Push 3.14/FINAL_RAT/FINAL_RAT.srcs/sources_1/imports/RatSimulator/RAT_FINAL_V16.mem"/>
        <Attr Name="ImportTime" Val="1552608551"/>
        <Attr Name="UsedIn" Val="synthesis"/>
        <Attr Name="UsedIn" Val="simulation"/>
      </FileInfo>
    </File>
    <File Path="$PSRCDIR/sources_1/new/RAT_FINAL_V22.mem">
      <FileInfo>
        <Attr Name="UsedIn" Val="synthesis"/>
        <Attr Name="UsedIn" Val="simulation"/>
      </FileInfo>
    </File>
    <File Path="$PSRCDIR/sources_1/imports/Desktop/KeyboardTest.mem">
      <FileInfo>
        <Attr Name="ImportPath" Val="$PPRDIR/../Desktop/KeyboardTest.mem"/>
        <Attr Name="ImportTime" Val="1552607094"/>
        <Attr Name="UsedIn" Val="synthesis"/>
        <Attr Name="UsedIn" Val="simulation"/>
      </FileInfo>
    </File>
    <File Path="$PSRCDIR/sources_1/new/RAT_FINAL_V23.mem">
      <FileInfo>
        <Attr Name="UsedIn" Val="synthesis"/>
        <Attr Name="UsedIn" Val="simulation"/>
      </FileInfo>
    </File>
    <File Path="$PSRCDIR/sources_1/new/RAT_FINAL_V24.mem">
      <FileInfo>
        <Attr Name="UsedIn" Val="synthesis"/>
        <Attr Name="UsedIn" Val="simulation"/>
      </FileInfo>
    </File>
    <File Path="$PSRCDIR/sources_1/new/RAT_FINAL_V27.mem">
      <FileInfo>
        <Attr Name="UsedIn" Val="synthesis"/>
        <Attr Name="UsedIn" Val="simulation"/>
      </FileInfo>
    </File>
    <File Path="$PSRCDIR/sources_1/new/RAT_FINAL_29.mem">
      <FileInfo>
        <Attr Name="UsedIn" Val="synthesis"/>
        <Attr Name="UsedIn" Val="simulation"/>
      </FileInfo>
    </File>
    <File Path="$PSRCDIR/sources_1/new/RAT_FINAL_V30.mem">
      <FileInfo>
        <Attr Name="UsedIn" Val="synthesis"/>
        <Attr Name="UsedIn" Val="simulation"/>
      </FileInfo>
    </File>
    <Config>
      <Option Name="DesignMode" Val="RTL"/>
      <Option Name="TopModule" Val="RAT_WRAPPER"/>
      <Option Name="TopAutoSet" Val="TRUE"/>
    </Config>
  </FileSet>
  <FileSet Name="constrs_in" Type="Constrs" RelSrcDir="$PSRCDIR/constrs_1">
    <Filter Type="Constrs"/>
    <File Path="$PPRDIR/../Desktop/RAT/RAT_MCU-master/Push 3.14/FINAL_RAT/FINAL_RAT.srcs/constrs_1/imports/233_Final_Project-master/WRAPPER_CONSTRAINTS.xdc">
      <FileInfo>
        <Attr Name="UsedIn" Val="synthesis"/>
        <Attr Name="UsedIn" Val="implementation"/>
      </FileInfo>
    </File>
    <Config>
      <Option Name="TargetConstrsFile" Val="$PPRDIR/../Desktop/RAT/RAT_MCU-master/Push 3.14/FINAL_RAT/FINAL_RAT.srcs/constrs_1/imports/233_Final_Project-master/WRAPPER_CONSTRAINTS.xdc"/>
      <Option Name="ConstrsType" Val="XDC"/>
    </Config>
  </FileSet>
  <Strategy Version="1" Minor="2">
    <StratHandle Name="Vivado Synthesis Defaults" Flow="Vivado Synthesis 2018">
      <Desc>Vivado Synthesis Defaults</Desc>
    </StratHandle>
    <Step Id="synth_design"/>
  </Strategy>
</GenRun>
