<?xml version="1.0" encoding="UTF-8"?>
<GenRun Id="synth_1" LaunchPart="xc7a35tcpg236-1" LaunchTime="1552665598">
  <File Type="PA-TCL" Name="RAT_WRAPPER.tcl"/>
  <File Type="RDS-PROPCONSTRS" Name="RAT_WRAPPER_drc_synth.rpt"/>
  <File Type="REPORTS-TCL" Name="RAT_WRAPPER_reports.tcl"/>
  <File Type="RDS-RDS" Name="RAT_WRAPPER.vds"/>
  <File Type="RDS-UTIL" Name="RAT_WRAPPER_utilization_synth.rpt"/>
  <File Type="RDS-UTIL-PB" Name="RAT_WRAPPER_utilization_synth.pb"/>
  <File Type="RDS-DCP" Name="RAT_WRAPPER.dcp"/>
  <File Type="VDS-TIMINGSUMMARY" Name="RAT_WRAPPER_timing_summary_synth.rpt"/>
  <File Type="VDS-TIMING-PB" Name="RAT_WRAPPER_timing_summary_synth.pb"/>
  <FileSet Name="sources" Type="DesignSrcs" RelSrcDir="$PSRCDIR/sources_1">
    <Filter Type="Srcs"/>
    <File Path="$PSRCDIR/sources_1/imports/233_Final_Project-master/ALU.sv">
      <FileInfo>
        <Attr Name="ImportPath" Val="$PPRDIR/../233_Final_Project/233_Final_Project-master/ALU.sv"/>
        <Attr Name="ImportTime" Val="1552172784"/>
        <Attr Name="UsedIn" Val="synthesis"/>
        <Attr Name="UsedIn" Val="implementation"/>
        <Attr Name="UsedIn" Val="simulation"/>
      </FileInfo>
    </File>
    <File Path="$PSRCDIR/sources_1/imports/233_Final_Project-master/ALU_MUX.sv">
      <FileInfo>
        <Attr Name="ImportPath" Val="$PPRDIR/../233_Final_Project/233_Final_Project-master/ALU_MUX.sv"/>
        <Attr Name="ImportTime" Val="1552172784"/>
        <Attr Name="UsedIn" Val="synthesis"/>
        <Attr Name="UsedIn" Val="implementation"/>
        <Attr Name="UsedIn" Val="simulation"/>
      </FileInfo>
    </File>
    <File Path="$PSRCDIR/sources_1/imports/233_Final_Project-master/BCD.sv">
      <FileInfo>
        <Attr Name="ImportPath" Val="$PPRDIR/../233_Final_Project/233_Final_Project-master/BCD.sv"/>
        <Attr Name="ImportTime" Val="1552172784"/>
        <Attr Name="UsedIn" Val="synthesis"/>
        <Attr Name="UsedIn" Val="implementation"/>
        <Attr Name="UsedIn" Val="simulation"/>
      </FileInfo>
    </File>
    <File Path="$PSRCDIR/sources_1/imports/233_Final_Project-master/CONTROL_UNIT.sv">
      <FileInfo>
        <Attr Name="ImportPath" Val="$PPRDIR/../233_Final_Project/233_Final_Project-master/CONTROL_UNIT.sv"/>
        <Attr Name="ImportTime" Val="1552172784"/>
        <Attr Name="UsedIn" Val="synthesis"/>
        <Attr Name="UsedIn" Val="implementation"/>
        <Attr Name="UsedIn" Val="simulation"/>
      </FileInfo>
    </File>
    <File Path="$PSRCDIR/sources_1/imports/233_Final_Project-master/C_FLAG_CONTROLLER.sv">
      <FileInfo>
        <Attr Name="ImportPath" Val="$PPRDIR/../233_Final_Project/233_Final_Project-master/C_FLAG_CONTROLLER.sv"/>
        <Attr Name="ImportTime" Val="1552172784"/>
        <Attr Name="UsedIn" Val="synthesis"/>
        <Attr Name="UsedIn" Val="implementation"/>
        <Attr Name="UsedIn" Val="simulation"/>
      </FileInfo>
    </File>
    <File Path="$PSRCDIR/sources_1/imports/233_Final_Project-master/CathodeDriver.sv">
      <FileInfo>
        <Attr Name="ImportPath" Val="$PPRDIR/../233_Final_Project/233_Final_Project-master/CathodeDriver.sv"/>
        <Attr Name="ImportTime" Val="1552172784"/>
        <Attr Name="UsedIn" Val="synthesis"/>
        <Attr Name="UsedIn" Val="implementation"/>
        <Attr Name="UsedIn" Val="simulation"/>
      </FileInfo>
    </File>
    <File Path="$PSRCDIR/sources_1/imports/233_Final_Project-master/INDIVIDUAL_FLAG.sv">
      <FileInfo>
        <Attr Name="ImportPath" Val="$PPRDIR/../233_Final_Project/233_Final_Project-master/INDIVIDUAL_FLAG.sv"/>
        <Attr Name="ImportTime" Val="1552172784"/>
        <Attr Name="UsedIn" Val="synthesis"/>
        <Attr Name="UsedIn" Val="implementation"/>
        <Attr Name="UsedIn" Val="simulation"/>
      </FileInfo>
    </File>
    <File Path="$PSRCDIR/sources_1/imports/233_Final_Project-master/INTERRUPT.sv">
      <FileInfo>
        <Attr Name="ImportPath" Val="$PPRDIR/../233_Final_Project/233_Final_Project-master/INTERRUPT.sv"/>
        <Attr Name="ImportTime" Val="1552172784"/>
        <Attr Name="UsedIn" Val="synthesis"/>
        <Attr Name="UsedIn" Val="implementation"/>
        <Attr Name="UsedIn" Val="simulation"/>
      </FileInfo>
    </File>
    <File Path="$PSRCDIR/sources_1/imports/233_Final_Project-master/INTERRUPT_HANDLER.sv">
      <FileInfo>
        <Attr Name="ImportPath" Val="$PPRDIR/../233_Final_Project/233_Final_Project-master/INTERRUPT_HANDLER.sv"/>
        <Attr Name="ImportTime" Val="1552172785"/>
        <Attr Name="UsedIn" Val="synthesis"/>
        <Attr Name="UsedIn" Val="implementation"/>
        <Attr Name="UsedIn" Val="simulation"/>
      </FileInfo>
    </File>
    <File Path="$PSRCDIR/sources_1/imports/Keyboard_sv/KeyboardDriver.sv">
      <FileInfo>
        <Attr Name="ImportPath" Val="$PPRDIR/../Keyboard_sv/KeyboardDriver.sv"/>
        <Attr Name="ImportTime" Val="1552603230"/>
        <Attr Name="UsedIn" Val="synthesis"/>
        <Attr Name="UsedIn" Val="implementation"/>
        <Attr Name="UsedIn" Val="simulation"/>
      </FileInfo>
    </File>
    <File Path="$PSRCDIR/sources_1/imports/233_Final_Project-master/MCU.sv">
      <FileInfo>
        <Attr Name="ImportPath" Val="$PPRDIR/../233_Final_Project/233_Final_Project-master/MCU.sv"/>
        <Attr Name="ImportTime" Val="1552172785"/>
        <Attr Name="UsedIn" Val="synthesis"/>
        <Attr Name="UsedIn" Val="implementation"/>
        <Attr Name="UsedIn" Val="simulation"/>
      </FileInfo>
    </File>
    <File Path="$PSRCDIR/sources_1/imports/233_Final_Project-master/PC.sv">
      <FileInfo>
        <Attr Name="ImportPath" Val="$PPRDIR/../233_Final_Project/233_Final_Project-master/PC.sv"/>
        <Attr Name="ImportTime" Val="1552172785"/>
        <Attr Name="UsedIn" Val="synthesis"/>
        <Attr Name="UsedIn" Val="implementation"/>
        <Attr Name="UsedIn" Val="simulation"/>
      </FileInfo>
    </File>
    <File Path="$PSRCDIR/sources_1/imports/233_Final_Project-master/PC_MUX.sv">
      <FileInfo>
        <Attr Name="ImportPath" Val="$PPRDIR/../233_Final_Project/233_Final_Project-master/PC_MUX.sv"/>
        <Attr Name="ImportTime" Val="1552172785"/>
        <Attr Name="UsedIn" Val="synthesis"/>
        <Attr Name="UsedIn" Val="implementation"/>
        <Attr Name="UsedIn" Val="simulation"/>
      </FileInfo>
    </File>
    <File Path="$PSRCDIR/sources_1/imports/233_Final_Project-master/ProgROM.sv">
      <FileInfo>
        <Attr Name="ImportPath" Val="$PPRDIR/../233_Final_Project/233_Final_Project-master/ProgROM.sv"/>
        <Attr Name="ImportTime" Val="1552174688"/>
        <Attr Name="UsedIn" Val="synthesis"/>
        <Attr Name="UsedIn" Val="implementation"/>
        <Attr Name="UsedIn" Val="simulation"/>
      </FileInfo>
    </File>
    <File Path="$PSRCDIR/sources_1/new/RANDOM_GENERATOR.sv">
      <FileInfo>
        <Attr Name="UsedIn" Val="synthesis"/>
        <Attr Name="UsedIn" Val="implementation"/>
        <Attr Name="UsedIn" Val="simulation"/>
      </FileInfo>
    </File>
    <File Path="$PSRCDIR/sources_1/imports/233_Final_Project-master/REG.sv">
      <FileInfo>
        <Attr Name="ImportPath" Val="$PPRDIR/../233_Final_Project/233_Final_Project-master/REG.sv"/>
        <Attr Name="ImportTime" Val="1552172785"/>
        <Attr Name="UsedIn" Val="synthesis"/>
        <Attr Name="UsedIn" Val="implementation"/>
        <Attr Name="UsedIn" Val="simulation"/>
      </FileInfo>
    </File>
    <File Path="$PSRCDIR/sources_1/imports/233_Final_Project-master/REG_MUX.sv">
      <FileInfo>
        <Attr Name="ImportPath" Val="$PPRDIR/../233_Final_Project/233_Final_Project-master/REG_MUX.sv"/>
        <Attr Name="ImportTime" Val="1552172785"/>
        <Attr Name="UsedIn" Val="synthesis"/>
        <Attr Name="UsedIn" Val="implementation"/>
        <Attr Name="UsedIn" Val="simulation"/>
      </FileInfo>
    </File>
    <File Path="$PSRCDIR/sources_1/imports/233_Final_Project-master/SCRATCH_RAM.sv">
      <FileInfo>
        <Attr Name="ImportPath" Val="$PPRDIR/../233_Final_Project/233_Final_Project-master/SCRATCH_RAM.sv"/>
        <Attr Name="ImportTime" Val="1552172785"/>
        <Attr Name="UsedIn" Val="synthesis"/>
        <Attr Name="UsedIn" Val="implementation"/>
        <Attr Name="UsedIn" Val="simulation"/>
      </FileInfo>
    </File>
    <File Path="$PSRCDIR/sources_1/imports/233_Final_Project-master/SCR_MUX.sv">
      <FileInfo>
        <Attr Name="ImportPath" Val="$PPRDIR/../233_Final_Project/233_Final_Project-master/SCR_MUX.sv"/>
        <Attr Name="ImportTime" Val="1552172785"/>
        <Attr Name="UsedIn" Val="synthesis"/>
        <Attr Name="UsedIn" Val="implementation"/>
        <Attr Name="UsedIn" Val="simulation"/>
      </FileInfo>
    </File>
    <File Path="$PSRCDIR/sources_1/imports/233_Final_Project-master/SHADOW_FLAGS.sv">
      <FileInfo>
        <Attr Name="ImportPath" Val="$PPRDIR/../233_Final_Project/233_Final_Project-master/SHADOW_FLAGS.sv"/>
        <Attr Name="ImportTime" Val="1552172785"/>
        <Attr Name="UsedIn" Val="synthesis"/>
        <Attr Name="UsedIn" Val="implementation"/>
        <Attr Name="UsedIn" Val="simulation"/>
      </FileInfo>
    </File>
    <File Path="$PSRCDIR/sources_1/imports/233_Final_Project-master/SHADOW_MUX.sv">
      <FileInfo>
        <Attr Name="ImportPath" Val="$PPRDIR/../233_Final_Project/233_Final_Project-master/SHADOW_MUX.sv"/>
        <Attr Name="ImportTime" Val="1552172785"/>
        <Attr Name="UsedIn" Val="synthesis"/>
        <Attr Name="UsedIn" Val="implementation"/>
        <Attr Name="UsedIn" Val="simulation"/>
      </FileInfo>
    </File>
    <File Path="$PSRCDIR/sources_1/imports/233_Final_Project-master/SP_MUX.sv">
      <FileInfo>
        <Attr Name="ImportPath" Val="$PPRDIR/../233_Final_Project/233_Final_Project-master/SP_MUX.sv"/>
        <Attr Name="ImportTime" Val="1552172785"/>
        <Attr Name="UsedIn" Val="synthesis"/>
        <Attr Name="UsedIn" Val="implementation"/>
        <Attr Name="UsedIn" Val="simulation"/>
      </FileInfo>
    </File>
    <File Path="$PSRCDIR/sources_1/imports/233_Final_Project-master/STACK_POINTER.sv">
      <FileInfo>
        <Attr Name="ImportPath" Val="$PPRDIR/../233_Final_Project/233_Final_Project-master/STACK_POINTER.sv"/>
        <Attr Name="ImportTime" Val="1552172785"/>
        <Attr Name="UsedIn" Val="synthesis"/>
        <Attr Name="UsedIn" Val="implementation"/>
        <Attr Name="UsedIn" Val="simulation"/>
      </FileInfo>
    </File>
    <File Path="$PSRCDIR/sources_1/imports/233_Final_Project-master/SevSegDisp.sv">
      <FileInfo>
        <Attr Name="ImportPath" Val="$PPRDIR/../233_Final_Project/233_Final_Project-master/SevSegDisp.sv"/>
        <Attr Name="ImportTime" Val="1552172785"/>
        <Attr Name="UsedIn" Val="synthesis"/>
        <Attr Name="UsedIn" Val="implementation"/>
        <Attr Name="UsedIn" Val="simulation"/>
      </FileInfo>
    </File>
    <File Path="$PSRCDIR/sources_1/imports/VGA_40x30_sv/ram2k_8.sv">
      <FileInfo>
        <Attr Name="ImportPath" Val="$PPRDIR/../VGA_40x30_sv/ram2k_8.sv"/>
        <Attr Name="ImportTime" Val="1552594385"/>
        <Attr Name="UsedIn" Val="synthesis"/>
        <Attr Name="UsedIn" Val="implementation"/>
        <Attr Name="UsedIn" Val="simulation"/>
      </FileInfo>
    </File>
    <File Path="$PSRCDIR/sources_1/imports/VGA_40x30_sv/vga_driver.sv">
      <FileInfo>
        <Attr Name="ImportPath" Val="$PPRDIR/../VGA_40x30_sv/vga_driver.sv"/>
        <Attr Name="ImportTime" Val="1552594385"/>
        <Attr Name="UsedIn" Val="synthesis"/>
        <Attr Name="UsedIn" Val="implementation"/>
        <Attr Name="UsedIn" Val="simulation"/>
      </FileInfo>
    </File>
    <File Path="$PSRCDIR/sources_1/imports/VGA_40x30_sv/vga_fb_driver.sv">
      <FileInfo>
        <Attr Name="ImportPath" Val="$PPRDIR/../VGA_40x30_sv/vga_fb_driver.sv"/>
        <Attr Name="ImportTime" Val="1552594385"/>
        <Attr Name="UsedIn" Val="synthesis"/>
        <Attr Name="UsedIn" Val="implementation"/>
        <Attr Name="UsedIn" Val="simulation"/>
      </FileInfo>
    </File>
    <File Path="$PSRCDIR/sources_1/imports/233_Final_Project-master/RAT_WRAPPER.sv">
      <FileInfo>
        <Attr Name="ImportPath" Val="$PPRDIR/../233_Final_Project/233_Final_Project-master/RAT_WRAPPER.sv"/>
        <Attr Name="ImportTime" Val="1552174449"/>
        <Attr Name="UsedIn" Val="synthesis"/>
        <Attr Name="UsedIn" Val="implementation"/>
        <Attr Name="UsedIn" Val="simulation"/>
      </FileInfo>
    </File>
    <File Path="$PSRCDIR/sources_1/imports/233_Final_Project-master/DEBOUNCE.sv">
      <FileInfo>
        <Attr Name="AutoDisabled" Val="1"/>
        <Attr Name="ImportPath" Val="$PPRDIR/../233_Final_Project/233_Final_Project-master/DEBOUNCE.sv"/>
        <Attr Name="ImportTime" Val="1552172784"/>
        <Attr Name="UsedIn" Val="synthesis"/>
        <Attr Name="UsedIn" Val="implementation"/>
        <Attr Name="UsedIn" Val="simulation"/>
      </FileInfo>
    </File>
    <File Path="$PSRCDIR/sources_1/imports/233_Final_Project-master/Keypad_Driver.sv">
      <FileInfo>
        <Attr Name="AutoDisabled" Val="1"/>
        <Attr Name="ImportPath" Val="$PPRDIR/../233_Final_Project/233_Final_Project-master/Keypad_Driver.sv"/>
        <Attr Name="ImportTime" Val="1552172785"/>
        <Attr Name="UsedIn" Val="synthesis"/>
        <Attr Name="UsedIn" Val="implementation"/>
        <Attr Name="UsedIn" Val="simulation"/>
      </FileInfo>
    </File>
    <File Path="$PSRCDIR/sources_1/imports/233_Final_Project-master/LastTest.mem">
      <FileInfo>
        <Attr Name="ImportPath" Val="$PPRDIR/../233_Final_Project/233_Final_Project-master/LastTest.mem"/>
        <Attr Name="ImportTime" Val="1552172785"/>
        <Attr Name="UsedIn" Val="synthesis"/>
        <Attr Name="UsedIn" Val="simulation"/>
      </FileInfo>
    </File>
    <File Path="$PSRCDIR/sources_1/imports/RatSimulator/RAND_TEST.mem">
      <FileInfo>
        <Attr Name="ImportPath" Val="$PPRDIR/../Downloads/RatSimulator/RAND_TEST.mem"/>
        <Attr Name="ImportTime" Val="1552318894"/>
        <Attr Name="UsedIn" Val="synthesis"/>
        <Attr Name="UsedIn" Val="simulation"/>
      </FileInfo>
    </File>
    <File Path="$PSRCDIR/sources_1/imports/RatSimulator/RAT_FINAL_PROJECT.mem">
      <FileInfo>
        <Attr Name="ImportPath" Val="$PPRDIR/../Downloads/RatSimulator/RAT_FINAL_PROJECT.mem"/>
        <Attr Name="ImportTime" Val="1552491417"/>
        <Attr Name="UsedIn" Val="synthesis"/>
        <Attr Name="UsedIn" Val="simulation"/>
      </FileInfo>
    </File>
    <File Path="$PSRCDIR/sources_1/imports/RatSimulator/RAT_FINAL_V5.mem">
      <FileInfo>
        <Attr Name="ImportPath" Val="$PPRDIR/../Downloads/RatSimulator/RAT_FINAL_V5.mem"/>
        <Attr Name="ImportTime" Val="1552493651"/>
        <Attr Name="UsedIn" Val="synthesis"/>
        <Attr Name="UsedIn" Val="simulation"/>
      </FileInfo>
    </File>
    <File Path="$PSRCDIR/sources_1/imports/RatSimulator/RAT_FINAL_V6.mem">
      <FileInfo>
        <Attr Name="ImportPath" Val="$PPRDIR/../Downloads/RatSimulator/RAT_FINAL_V6.mem"/>
        <Attr Name="ImportTime" Val="1552494669"/>
        <Attr Name="UsedIn" Val="synthesis"/>
        <Attr Name="UsedIn" Val="simulation"/>
      </FileInfo>
    </File>
    <File Path="$PSRCDIR/sources_1/imports/RatSimulator/RAT_FINAL_V7.mem">
      <FileInfo>
        <Attr Name="ImportPath" Val="$PPRDIR/../Downloads/RatSimulator/RAT_FINAL_V7.mem"/>
        <Attr Name="ImportTime" Val="1552495236"/>
        <Attr Name="UsedIn" Val="synthesis"/>
        <Attr Name="UsedIn" Val="simulation"/>
      </FileInfo>
    </File>
    <File Path="$PSRCDIR/sources_1/imports/RatSimulator/RAT_FINAL_V8.mem">
      <FileInfo>
        <Attr Name="ImportPath" Val="$PPRDIR/../Downloads/RatSimulator/RAT_FINAL_V8.mem"/>
        <Attr Name="ImportTime" Val="1552495778"/>
        <Attr Name="UsedIn" Val="synthesis"/>
        <Attr Name="UsedIn" Val="simulation"/>
      </FileInfo>
    </File>
    <File Path="$PSRCDIR/sources_1/imports/RatSimulator/RAT_FINAL_V9.mem">
      <FileInfo>
        <Attr Name="ImportPath" Val="$PPRDIR/../Downloads/RatSimulator/RAT_FINAL_V9.mem"/>
        <Attr Name="ImportTime" Val="1552496247"/>
        <Attr Name="UsedIn" Val="synthesis"/>
        <Attr Name="UsedIn" Val="simulation"/>
      </FileInfo>
    </File>
    <File Path="$PSRCDIR/sources_1/imports/RatSimulator/RAT_FINAL_V10.mem">
      <FileInfo>
        <Attr Name="ImportPath" Val="$PPRDIR/../Downloads/RatSimulator/RAT_FINAL_V10.mem"/>
        <Attr Name="ImportTime" Val="1552596396"/>
        <Attr Name="UsedIn" Val="synthesis"/>
        <Attr Name="UsedIn" Val="simulation"/>
      </FileInfo>
    </File>
    <File Path="$PSRCDIR/sources_1/imports/RatSimulator/RAT_FINAL_V11.mem">
      <FileInfo>
        <Attr Name="ImportPath" Val="$PPRDIR/../Downloads/RatSimulator/RAT_FINAL_V11.mem"/>
        <Attr Name="ImportTime" Val="1552598536"/>
        <Attr Name="UsedIn" Val="synthesis"/>
        <Attr Name="UsedIn" Val="simulation"/>
      </FileInfo>
    </File>
    <File Path="$PSRCDIR/sources_1/imports/RatSimulator/RAT_FINAL_V12.mem">
      <FileInfo>
        <Attr Name="ImportPath" Val="$PPRDIR/../Downloads/RatSimulator/RAT_FINAL_V12.mem"/>
        <Attr Name="ImportTime" Val="1552600778"/>
        <Attr Name="UsedIn" Val="synthesis"/>
        <Attr Name="UsedIn" Val="simulation"/>
      </FileInfo>
    </File>
    <File Path="$PSRCDIR/sources_1/imports/RatSimulator/RAT_FINAL_V14.mem">
      <FileInfo>
        <Attr Name="ImportPath" Val="$PPRDIR/../Downloads/RatSimulator/RAT_FINAL_V14.mem"/>
        <Attr Name="ImportTime" Val="1552601488"/>
        <Attr Name="UsedIn" Val="synthesis"/>
        <Attr Name="UsedIn" Val="simulation"/>
      </FileInfo>
    </File>
    <File Path="$PSRCDIR/sources_1/imports/RatSimulator/RAT_FINAL_V15.mem">
      <FileInfo>
        <Attr Name="ImportPath" Val="$PPRDIR/../Downloads/RatSimulator/RAT_FINAL_V15.mem"/>
        <Attr Name="ImportTime" Val="1552603650"/>
        <Attr Name="UsedIn" Val="synthesis"/>
        <Attr Name="UsedIn" Val="simulation"/>
      </FileInfo>
    </File>
    <File Path="$PSRCDIR/sources_1/imports/RatSimulator/RAT_FINAL_V16.mem">
      <FileInfo>
        <Attr Name="ImportPath" Val="$PPRDIR/../Downloads/RatSimulator/RAT_FINAL_V16.mem"/>
        <Attr Name="ImportTime" Val="1552604558"/>
        <Attr Name="UsedIn" Val="synthesis"/>
        <Attr Name="UsedIn" Val="simulation"/>
      </FileInfo>
    </File>
    <File Path="$PSRCDIR/sources_1/imports/RatSimulator/RAT_FINAL_V20.mem">
      <FileInfo>
        <Attr Name="ImportPath" Val="$PPRDIR/../Downloads/RatSimulator/RAT_FINAL_V20.mem"/>
        <Attr Name="ImportTime" Val="1552613336"/>
        <Attr Name="UsedIn" Val="synthesis"/>
        <Attr Name="UsedIn" Val="simulation"/>
      </FileInfo>
    </File>
    <File Path="$PSRCDIR/sources_1/imports/RatSimulator/RAT_FINAL_V21.mem">
      <FileInfo>
        <Attr Name="ImportPath" Val="$PPRDIR/../Downloads/RatSimulator/RAT_FINAL_V21.mem"/>
        <Attr Name="ImportTime" Val="1552614401"/>
        <Attr Name="UsedIn" Val="synthesis"/>
        <Attr Name="UsedIn" Val="simulation"/>
      </FileInfo>
    </File>
    <File Path="$PSRCDIR/sources_1/imports/RatSimulator/RAT_FINAL_V17.mem">
      <FileInfo>
        <Attr Name="ImportPath" Val="$PPRDIR/../Downloads/RatSimulator/RAT_FINAL_V17.mem"/>
        <Attr Name="ImportTime" Val="1552615494"/>
        <Attr Name="UsedIn" Val="synthesis"/>
        <Attr Name="UsedIn" Val="simulation"/>
      </FileInfo>
    </File>
    <File Path="$PSRCDIR/sources_1/imports/RatSimulator/RAT_FINAL_V22.mem">
      <FileInfo>
        <Attr Name="ImportPath" Val="$PPRDIR/../Downloads/RatSimulator/RAT_FINAL_V22.mem"/>
        <Attr Name="ImportTime" Val="1552616386"/>
        <Attr Name="UsedIn" Val="synthesis"/>
        <Attr Name="UsedIn" Val="simulation"/>
      </FileInfo>
    </File>
    <File Path="$PSRCDIR/sources_1/imports/RatSimulator/RAT_FINAL_V30.mem">
      <FileInfo>
        <Attr Name="ImportPath" Val="$PPRDIR/../Downloads/RatSimulator/RAT_FINAL_V30.mem"/>
        <Attr Name="ImportTime" Val="1552663316"/>
        <Attr Name="UsedIn" Val="synthesis"/>
        <Attr Name="UsedIn" Val="simulation"/>
      </FileInfo>
    </File>
    <File Path="$PSRCDIR/sources_1/imports/RatSimulator/RAT_FINAL_V31.mem">
      <FileInfo>
        <Attr Name="ImportPath" Val="$PPRDIR/../Downloads/RatSimulator/RAT_FINAL_V31.mem"/>
        <Attr Name="ImportTime" Val="1552664328"/>
        <Attr Name="UsedIn" Val="synthesis"/>
        <Attr Name="UsedIn" Val="simulation"/>
      </FileInfo>
    </File>
    <File Path="$PSRCDIR/sources_1/imports/RatSimulator/RAT_FINAL_V32.mem">
      <FileInfo>
        <Attr Name="ImportPath" Val="$PPRDIR/../Downloads/RatSimulator/RAT_FINAL_V32.mem"/>
        <Attr Name="ImportTime" Val="1552664748"/>
        <Attr Name="UsedIn" Val="synthesis"/>
        <Attr Name="UsedIn" Val="simulation"/>
      </FileInfo>
    </File>
    <Config>
      <Option Name="DesignMode" Val="RTL"/>
      <Option Name="TopModule" Val="RAT_WRAPPER"/>
    </Config>
  </FileSet>
  <FileSet Name="constrs_in" Type="Constrs" RelSrcDir="$PSRCDIR/constrs_1">
    <Filter Type="Constrs"/>
    <File Path="$PSRCDIR/constrs_1/imports/233_Final_Project-master/WRAPPER_CONSTRAINTS.xdc">
      <FileInfo>
        <Attr Name="ImportPath" Val="$PPRDIR/../233_Final_Project/233_Final_Project-master/WRAPPER_CONSTRAINTS.xdc"/>
        <Attr Name="ImportTime" Val="1552173563"/>
        <Attr Name="UsedIn" Val="synthesis"/>
        <Attr Name="UsedIn" Val="implementation"/>
      </FileInfo>
    </File>
    <Config>
      <Option Name="TargetConstrsFile" Val="$PSRCDIR/constrs_1/imports/233_Final_Project-master/WRAPPER_CONSTRAINTS.xdc"/>
      <Option Name="ConstrsType" Val="XDC"/>
    </Config>
  </FileSet>
  <FileSet Name="utils" Type="Utils" RelSrcDir="$PSRCDIR/utils_1">
    <Filter Type="Utils"/>
    <Config>
      <Option Name="TopAutoSet" Val="TRUE"/>
    </Config>
  </FileSet>
  <Strategy Version="1" Minor="2">
    <StratHandle Name="Vivado Synthesis Defaults" Flow="Vivado Synthesis 2018"/>
    <Step Id="synth_design">
      <Option Id="FlattenHierarchy">1</Option>
    </Step>
  </Strategy>
</GenRun>
