<?xml version="1.0" encoding="UTF-8"?>
<GenRun Id="impl_1" LaunchPart="xc7a35tcpg236-1" LaunchTime="1552631240">
  <File Type="BITSTR-BMM" Name="RAT_WRAPPER_bd.bmm"/>
  <File Type="OPT-METHODOLOGY-DRC" Name="RAT_WRAPPER_methodology_drc_opted.rpt"/>
  <File Type="INIT-TIMING" Name="RAT_WRAPPER_timing_summary_init.rpt"/>
  <File Type="ROUTE-PWR" Name="RAT_WRAPPER_power_routed.rpt"/>
  <File Type="PA-TCL" Name="RAT_WRAPPER.tcl"/>
  <File Type="OPT-TIMING" Name="RAT_WRAPPER_timing_summary_opted.rpt"/>
  <File Type="OPT-DCP" Name="RAT_WRAPPER_opt.dcp"/>
  <File Type="ROUTE-PWR-SUM" Name="RAT_WRAPPER_power_summary_routed.pb"/>
  <File Type="REPORTS-TCL" Name="RAT_WRAPPER_reports.tcl"/>
  <File Type="OPT-DRC" Name="RAT_WRAPPER_drc_opted.rpt"/>
  <File Type="OPT-HWDEF" Name="RAT_WRAPPER.hwdef"/>
  <File Type="PWROPT-DCP" Name="RAT_WRAPPER_pwropt.dcp"/>
  <File Type="PWROPT-DRC" Name="RAT_WRAPPER_drc_pwropted.rpt"/>
  <File Type="PWROPT-TIMING" Name="RAT_WRAPPER_timing_summary_pwropted.rpt"/>
  <File Type="PLACE-DCP" Name="RAT_WRAPPER_placed.dcp"/>
  <File Type="PLACE-IO" Name="RAT_WRAPPER_io_placed.rpt"/>
  <File Type="PLACE-CLK" Name="RAT_WRAPPER_clock_utilization_placed.rpt"/>
  <File Type="PLACE-UTIL" Name="RAT_WRAPPER_utilization_placed.rpt"/>
  <File Type="PLACE-UTIL-PB" Name="RAT_WRAPPER_utilization_placed.pb"/>
  <File Type="PLACE-CTRL" Name="RAT_WRAPPER_control_sets_placed.rpt"/>
  <File Type="PLACE-SIMILARITY" Name="RAT_WRAPPER_incremental_reuse_placed.rpt"/>
  <File Type="PLACE-PRE-SIMILARITY" Name="RAT_WRAPPER_incremental_reuse_pre_placed.rpt"/>
  <File Type="BG-BGN" Name="RAT_WRAPPER.bgn"/>
  <File Type="PLACE-TIMING" Name="RAT_WRAPPER_timing_summary_placed.rpt"/>
  <File Type="POSTPLACE-PWROPT-DCP" Name="RAT_WRAPPER_postplace_pwropt.dcp"/>
  <File Type="BG-BIN" Name="RAT_WRAPPER.bin"/>
  <File Type="POSTPLACE-PWROPT-TIMING" Name="RAT_WRAPPER_timing_summary_postplace_pwropted.rpt"/>
  <File Type="PHYSOPT-DCP" Name="RAT_WRAPPER_physopt.dcp"/>
  <File Type="PHYSOPT-DRC" Name="RAT_WRAPPER_drc_physopted.rpt"/>
  <File Type="BITSTR-MSK" Name="RAT_WRAPPER.msk"/>
  <File Type="PHYSOPT-TIMING" Name="RAT_WRAPPER_timing_summary_physopted.rpt"/>
  <File Type="ROUTE-ERROR-DCP" Name="RAT_WRAPPER_routed_error.dcp"/>
  <File Type="ROUTE-DCP" Name="RAT_WRAPPER_routed.dcp"/>
  <File Type="ROUTE-BLACKBOX-DCP" Name="RAT_WRAPPER_routed_bb.dcp"/>
  <File Type="ROUTE-DRC" Name="RAT_WRAPPER_drc_routed.rpt"/>
  <File Type="ROUTE-DRC-PB" Name="RAT_WRAPPER_drc_routed.pb"/>
  <File Type="BITSTR-LTX" Name="debug_nets.ltx"/>
  <File Type="BITSTR-LTX" Name="RAT_WRAPPER.ltx"/>
  <File Type="ROUTE-DRC-RPX" Name="RAT_WRAPPER_drc_routed.rpx"/>
  <File Type="BITSTR-MMI" Name="RAT_WRAPPER.mmi"/>
  <File Type="ROUTE-METHODOLOGY-DRC" Name="RAT_WRAPPER_methodology_drc_routed.rpt"/>
  <File Type="ROUTE-METHODOLOGY-DRC-RPX" Name="RAT_WRAPPER_methodology_drc_routed.rpx"/>
  <File Type="BITSTR-SYSDEF" Name="RAT_WRAPPER.sysdef"/>
  <File Type="ROUTE-METHODOLOGY-DRC-PB" Name="RAT_WRAPPER_methodology_drc_routed.pb"/>
  <File Type="ROUTE-PWR-RPX" Name="RAT_WRAPPER_power_routed.rpx"/>
  <File Type="ROUTE-STATUS" Name="RAT_WRAPPER_route_status.rpt"/>
  <File Type="ROUTE-STATUS-PB" Name="RAT_WRAPPER_route_status.pb"/>
  <File Type="ROUTE-TIMINGSUMMARY" Name="RAT_WRAPPER_timing_summary_routed.rpt"/>
  <File Type="ROUTE-TIMING-PB" Name="RAT_WRAPPER_timing_summary_routed.pb"/>
  <File Type="ROUTE-TIMING-RPX" Name="RAT_WRAPPER_timing_summary_routed.rpx"/>
  <File Type="ROUTE-SIMILARITY" Name="RAT_WRAPPER_incremental_reuse_routed.rpt"/>
  <File Type="ROUTE-CLK" Name="RAT_WRAPPER_clock_utilization_routed.rpt"/>
  <File Type="ROUTE-BUS-SKEW" Name="RAT_WRAPPER_bus_skew_routed.rpt"/>
  <File Type="ROUTE-BUS-SKEW-PB" Name="RAT_WRAPPER_bus_skew_routed.pb"/>
  <File Type="ROUTE-BUS-SKEW-RPX" Name="RAT_WRAPPER_bus_skew_routed.rpx"/>
  <File Type="POSTROUTE-PHYSOPT-DCP" Name="RAT_WRAPPER_postroute_physopt.dcp"/>
  <File Type="POSTROUTE-PHYSOPT-BLACKBOX-DCP" Name="RAT_WRAPPER_postroute_physopt_bb.dcp"/>
  <File Type="POSTROUTE-PHYSOPT-TIMING" Name="RAT_WRAPPER_timing_summary_postroute_physopted.rpt"/>
  <File Type="POSTROUTE-PHYSOPT-TIMING-PB" Name="RAT_WRAPPER_timing_summary_postroute_physopted.pb"/>
  <File Type="POSTROUTE-PHYSOPT-TIMING-RPX" Name="RAT_WRAPPER_timing_summary_postroute_physopted.rpx"/>
  <File Type="POSTROUTE-PHYSOPT-BUS-SKEW" Name="RAT_WRAPPER_bus_skew_postroute_physopted.rpt"/>
  <File Type="POSTROUTE-PHYSOPT-BUS-SKEW-PB" Name="RAT_WRAPPER_bus_skew_postroute_physopted.pb"/>
  <File Type="BG-BIT" Name="RAT_WRAPPER.bit"/>
  <File Type="POSTROUTE-PHYSOPT-BUS-SKEW-RPX" Name="RAT_WRAPPER_bus_skew_postroute_physopted.rpx"/>
  <File Type="BITSTR-RBT" Name="RAT_WRAPPER.rbt"/>
  <File Type="BITSTR-NKY" Name="RAT_WRAPPER.nky"/>
  <File Type="BG-DRC" Name="RAT_WRAPPER.drc"/>
  <File Type="RDI-RDI" Name="RAT_WRAPPER.vdi"/>
  <File Type="WBT-USG" Name="usage_statistics_webtalk.html"/>
  <FileSet Name="sources" Type="DesignSrcs" RelSrcDir="$PSRCDIR/sources_1">
    <Filter Type="Srcs"/>
    <File Path="$PSRCDIR/sources_1/imports/imports/233_Final_Project-master/ALU.sv">
      <FileInfo>
        <Attr Name="ImportPath" Val="$PPRDIR/../Desktop/RAT/RAT_MCU-master/Push 3.14/FINAL_RAT/FINAL_RAT.srcs/sources_1/imports/233_Final_Project-master/ALU.sv"/>
        <Attr Name="ImportTime" Val="1552608551"/>
        <Attr Name="UsedIn" Val="synthesis"/>
        <Attr Name="UsedIn" Val="implementation"/>
        <Attr Name="UsedIn" Val="simulation"/>
      </FileInfo>
    </File>
    <File Path="$PSRCDIR/sources_1/imports/imports/233_Final_Project-master/ALU_MUX.sv">
      <FileInfo>
        <Attr Name="ImportPath" Val="$PPRDIR/../Desktop/RAT/RAT_MCU-master/Push 3.14/FINAL_RAT/FINAL_RAT.srcs/sources_1/imports/233_Final_Project-master/ALU_MUX.sv"/>
        <Attr Name="ImportTime" Val="1552608551"/>
        <Attr Name="UsedIn" Val="synthesis"/>
        <Attr Name="UsedIn" Val="implementation"/>
        <Attr Name="UsedIn" Val="simulation"/>
      </FileInfo>
    </File>
    <File Path="$PSRCDIR/sources_1/imports/imports/233_Final_Project-master/BCD.sv">
      <FileInfo>
        <Attr Name="ImportPath" Val="$PPRDIR/../Desktop/RAT/RAT_MCU-master/Push 3.14/FINAL_RAT/FINAL_RAT.srcs/sources_1/imports/233_Final_Project-master/BCD.sv"/>
        <Attr Name="ImportTime" Val="1552608551"/>
        <Attr Name="UsedIn" Val="synthesis"/>
        <Attr Name="UsedIn" Val="implementation"/>
        <Attr Name="UsedIn" Val="simulation"/>
      </FileInfo>
    </File>
    <File Path="$PSRCDIR/sources_1/imports/imports/233_Final_Project-master/CONTROL_UNIT.sv">
      <FileInfo>
        <Attr Name="ImportPath" Val="$PPRDIR/../Desktop/RAT/RAT_MCU-master/Push 3.14/FINAL_RAT/FINAL_RAT.srcs/sources_1/imports/233_Final_Project-master/CONTROL_UNIT.sv"/>
        <Attr Name="ImportTime" Val="1552608551"/>
        <Attr Name="UsedIn" Val="synthesis"/>
        <Attr Name="UsedIn" Val="implementation"/>
        <Attr Name="UsedIn" Val="simulation"/>
      </FileInfo>
    </File>
    <File Path="$PSRCDIR/sources_1/imports/imports/233_Final_Project-master/C_FLAG_CONTROLLER.sv">
      <FileInfo>
        <Attr Name="ImportPath" Val="$PPRDIR/../Desktop/RAT/RAT_MCU-master/Push 3.14/FINAL_RAT/FINAL_RAT.srcs/sources_1/imports/233_Final_Project-master/C_FLAG_CONTROLLER.sv"/>
        <Attr Name="ImportTime" Val="1552608551"/>
        <Attr Name="UsedIn" Val="synthesis"/>
        <Attr Name="UsedIn" Val="implementation"/>
        <Attr Name="UsedIn" Val="simulation"/>
      </FileInfo>
    </File>
    <File Path="$PSRCDIR/sources_1/imports/imports/233_Final_Project-master/CathodeDriver.sv">
      <FileInfo>
        <Attr Name="ImportPath" Val="$PPRDIR/../Desktop/RAT/RAT_MCU-master/Push 3.14/FINAL_RAT/FINAL_RAT.srcs/sources_1/imports/233_Final_Project-master/CathodeDriver.sv"/>
        <Attr Name="ImportTime" Val="1552608551"/>
        <Attr Name="UsedIn" Val="synthesis"/>
        <Attr Name="UsedIn" Val="implementation"/>
        <Attr Name="UsedIn" Val="simulation"/>
      </FileInfo>
    </File>
    <File Path="$PSRCDIR/sources_1/imports/imports/233_Final_Project-master/INDIVIDUAL_FLAG.sv">
      <FileInfo>
        <Attr Name="ImportPath" Val="$PPRDIR/../Desktop/RAT/RAT_MCU-master/Push 3.14/FINAL_RAT/FINAL_RAT.srcs/sources_1/imports/233_Final_Project-master/INDIVIDUAL_FLAG.sv"/>
        <Attr Name="ImportTime" Val="1552608551"/>
        <Attr Name="UsedIn" Val="synthesis"/>
        <Attr Name="UsedIn" Val="implementation"/>
        <Attr Name="UsedIn" Val="simulation"/>
      </FileInfo>
    </File>
    <File Path="$PSRCDIR/sources_1/imports/imports/233_Final_Project-master/INTERRUPT.sv">
      <FileInfo>
        <Attr Name="ImportPath" Val="$PPRDIR/../Desktop/RAT/RAT_MCU-master/Push 3.14/FINAL_RAT/FINAL_RAT.srcs/sources_1/imports/233_Final_Project-master/INTERRUPT.sv"/>
        <Attr Name="ImportTime" Val="1552608551"/>
        <Attr Name="UsedIn" Val="synthesis"/>
        <Attr Name="UsedIn" Val="implementation"/>
        <Attr Name="UsedIn" Val="simulation"/>
      </FileInfo>
    </File>
    <File Path="$PSRCDIR/sources_1/imports/imports/233_Final_Project-master/INTERRUPT_HANDLER.sv">
      <FileInfo>
        <Attr Name="ImportPath" Val="$PPRDIR/../Desktop/RAT/RAT_MCU-master/Push 3.14/FINAL_RAT/FINAL_RAT.srcs/sources_1/imports/233_Final_Project-master/INTERRUPT_HANDLER.sv"/>
        <Attr Name="ImportTime" Val="1552608551"/>
        <Attr Name="UsedIn" Val="synthesis"/>
        <Attr Name="UsedIn" Val="implementation"/>
        <Attr Name="UsedIn" Val="simulation"/>
      </FileInfo>
    </File>
    <File Path="$PSRCDIR/sources_1/imports/imports/Keyboard_sv/KeyboardDriver.sv">
      <FileInfo>
        <Attr Name="ImportPath" Val="$PPRDIR/../Desktop/RAT/RAT_MCU-master/Push 3.14/FINAL_RAT/FINAL_RAT.srcs/sources_1/imports/Keyboard_sv/KeyboardDriver.sv"/>
        <Attr Name="ImportTime" Val="1552608551"/>
        <Attr Name="UsedIn" Val="synthesis"/>
        <Attr Name="UsedIn" Val="implementation"/>
        <Attr Name="UsedIn" Val="simulation"/>
      </FileInfo>
    </File>
    <File Path="$PSRCDIR/sources_1/imports/imports/233_Final_Project-master/MCU.sv">
      <FileInfo>
        <Attr Name="ImportPath" Val="$PPRDIR/../Desktop/RAT/RAT_MCU-master/Push 3.14/FINAL_RAT/FINAL_RAT.srcs/sources_1/imports/233_Final_Project-master/MCU.sv"/>
        <Attr Name="ImportTime" Val="1552608551"/>
        <Attr Name="UsedIn" Val="synthesis"/>
        <Attr Name="UsedIn" Val="implementation"/>
        <Attr Name="UsedIn" Val="simulation"/>
      </FileInfo>
    </File>
    <File Path="$PSRCDIR/sources_1/imports/imports/233_Final_Project-master/PC.sv">
      <FileInfo>
        <Attr Name="ImportPath" Val="$PPRDIR/../Desktop/RAT/RAT_MCU-master/Push 3.14/FINAL_RAT/FINAL_RAT.srcs/sources_1/imports/233_Final_Project-master/PC.sv"/>
        <Attr Name="ImportTime" Val="1552608551"/>
        <Attr Name="UsedIn" Val="synthesis"/>
        <Attr Name="UsedIn" Val="implementation"/>
        <Attr Name="UsedIn" Val="simulation"/>
      </FileInfo>
    </File>
    <File Path="$PSRCDIR/sources_1/imports/imports/233_Final_Project-master/PC_MUX.sv">
      <FileInfo>
        <Attr Name="ImportPath" Val="$PPRDIR/../Desktop/RAT/RAT_MCU-master/Push 3.14/FINAL_RAT/FINAL_RAT.srcs/sources_1/imports/233_Final_Project-master/PC_MUX.sv"/>
        <Attr Name="ImportTime" Val="1552608551"/>
        <Attr Name="UsedIn" Val="synthesis"/>
        <Attr Name="UsedIn" Val="implementation"/>
        <Attr Name="UsedIn" Val="simulation"/>
      </FileInfo>
    </File>
    <File Path="$PSRCDIR/sources_1/imports/imports/233_Final_Project-master/ProgROM.sv">
      <FileInfo>
        <Attr Name="ImportPath" Val="$PPRDIR/../Desktop/RAT/RAT_MCU-master/Push 3.14/FINAL_RAT/FINAL_RAT.srcs/sources_1/imports/233_Final_Project-master/ProgROM.sv"/>
        <Attr Name="ImportTime" Val="1552608551"/>
        <Attr Name="UsedIn" Val="synthesis"/>
        <Attr Name="UsedIn" Val="implementation"/>
        <Attr Name="UsedIn" Val="simulation"/>
      </FileInfo>
    </File>
    <File Path="$PSRCDIR/sources_1/imports/new/RANDOM_GENERATOR.sv">
      <FileInfo>
        <Attr Name="ImportPath" Val="$PPRDIR/../Desktop/RAT/RAT_MCU-master/Push 3.14/FINAL_RAT/FINAL_RAT.srcs/sources_1/new/RANDOM_GENERATOR.sv"/>
        <Attr Name="ImportTime" Val="1552608551"/>
        <Attr Name="UsedIn" Val="synthesis"/>
        <Attr Name="UsedIn" Val="implementation"/>
        <Attr Name="UsedIn" Val="simulation"/>
      </FileInfo>
    </File>
    <File Path="$PSRCDIR/sources_1/imports/imports/233_Final_Project-master/REG.sv">
      <FileInfo>
        <Attr Name="ImportPath" Val="$PPRDIR/../Desktop/RAT/RAT_MCU-master/Push 3.14/FINAL_RAT/FINAL_RAT.srcs/sources_1/imports/233_Final_Project-master/REG.sv"/>
        <Attr Name="ImportTime" Val="1552608551"/>
        <Attr Name="UsedIn" Val="synthesis"/>
        <Attr Name="UsedIn" Val="implementation"/>
        <Attr Name="UsedIn" Val="simulation"/>
      </FileInfo>
    </File>
    <File Path="$PSRCDIR/sources_1/imports/imports/233_Final_Project-master/REG_MUX.sv">
      <FileInfo>
        <Attr Name="ImportPath" Val="$PPRDIR/../Desktop/RAT/RAT_MCU-master/Push 3.14/FINAL_RAT/FINAL_RAT.srcs/sources_1/imports/233_Final_Project-master/REG_MUX.sv"/>
        <Attr Name="ImportTime" Val="1552608551"/>
        <Attr Name="UsedIn" Val="synthesis"/>
        <Attr Name="UsedIn" Val="implementation"/>
        <Attr Name="UsedIn" Val="simulation"/>
      </FileInfo>
    </File>
    <File Path="$PSRCDIR/sources_1/imports/imports/233_Final_Project-master/SCRATCH_RAM.sv">
      <FileInfo>
        <Attr Name="ImportPath" Val="$PPRDIR/../Desktop/RAT/RAT_MCU-master/Push 3.14/FINAL_RAT/FINAL_RAT.srcs/sources_1/imports/233_Final_Project-master/SCRATCH_RAM.sv"/>
        <Attr Name="ImportTime" Val="1552608551"/>
        <Attr Name="UsedIn" Val="synthesis"/>
        <Attr Name="UsedIn" Val="implementation"/>
        <Attr Name="UsedIn" Val="simulation"/>
      </FileInfo>
    </File>
    <File Path="$PSRCDIR/sources_1/imports/imports/233_Final_Project-master/SCR_MUX.sv">
      <FileInfo>
        <Attr Name="ImportPath" Val="$PPRDIR/../Desktop/RAT/RAT_MCU-master/Push 3.14/FINAL_RAT/FINAL_RAT.srcs/sources_1/imports/233_Final_Project-master/SCR_MUX.sv"/>
        <Attr Name="ImportTime" Val="1552608551"/>
        <Attr Name="UsedIn" Val="synthesis"/>
        <Attr Name="UsedIn" Val="implementation"/>
        <Attr Name="UsedIn" Val="simulation"/>
      </FileInfo>
    </File>
    <File Path="$PSRCDIR/sources_1/imports/imports/233_Final_Project-master/SHADOW_FLAGS.sv">
      <FileInfo>
        <Attr Name="ImportPath" Val="$PPRDIR/../Desktop/RAT/RAT_MCU-master/Push 3.14/FINAL_RAT/FINAL_RAT.srcs/sources_1/imports/233_Final_Project-master/SHADOW_FLAGS.sv"/>
        <Attr Name="ImportTime" Val="1552608551"/>
        <Attr Name="UsedIn" Val="synthesis"/>
        <Attr Name="UsedIn" Val="implementation"/>
        <Attr Name="UsedIn" Val="simulation"/>
      </FileInfo>
    </File>
    <File Path="$PSRCDIR/sources_1/imports/imports/233_Final_Project-master/SHADOW_MUX.sv">
      <FileInfo>
        <Attr Name="ImportPath" Val="$PPRDIR/../Desktop/RAT/RAT_MCU-master/Push 3.14/FINAL_RAT/FINAL_RAT.srcs/sources_1/imports/233_Final_Project-master/SHADOW_MUX.sv"/>
        <Attr Name="ImportTime" Val="1552608551"/>
        <Attr Name="UsedIn" Val="synthesis"/>
        <Attr Name="UsedIn" Val="implementation"/>
        <Attr Name="UsedIn" Val="simulation"/>
      </FileInfo>
    </File>
    <File Path="$PSRCDIR/sources_1/imports/imports/233_Final_Project-master/SP_MUX.sv">
      <FileInfo>
        <Attr Name="ImportPath" Val="$PPRDIR/../Desktop/RAT/RAT_MCU-master/Push 3.14/FINAL_RAT/FINAL_RAT.srcs/sources_1/imports/233_Final_Project-master/SP_MUX.sv"/>
        <Attr Name="ImportTime" Val="1552608551"/>
        <Attr Name="UsedIn" Val="synthesis"/>
        <Attr Name="UsedIn" Val="implementation"/>
        <Attr Name="UsedIn" Val="simulation"/>
      </FileInfo>
    </File>
    <File Path="$PSRCDIR/sources_1/imports/imports/233_Final_Project-master/STACK_POINTER.sv">
      <FileInfo>
        <Attr Name="ImportPath" Val="$PPRDIR/../Desktop/RAT/RAT_MCU-master/Push 3.14/FINAL_RAT/FINAL_RAT.srcs/sources_1/imports/233_Final_Project-master/STACK_POINTER.sv"/>
        <Attr Name="ImportTime" Val="1552608551"/>
        <Attr Name="UsedIn" Val="synthesis"/>
        <Attr Name="UsedIn" Val="implementation"/>
        <Attr Name="UsedIn" Val="simulation"/>
      </FileInfo>
    </File>
    <File Path="$PSRCDIR/sources_1/imports/imports/233_Final_Project-master/SevSegDisp.sv">
      <FileInfo>
        <Attr Name="ImportPath" Val="$PPRDIR/../Desktop/RAT/RAT_MCU-master/Push 3.14/FINAL_RAT/FINAL_RAT.srcs/sources_1/imports/233_Final_Project-master/SevSegDisp.sv"/>
        <Attr Name="ImportTime" Val="1552608551"/>
        <Attr Name="UsedIn" Val="synthesis"/>
        <Attr Name="UsedIn" Val="implementation"/>
        <Attr Name="UsedIn" Val="simulation"/>
      </FileInfo>
    </File>
    <File Path="$PSRCDIR/sources_1/imports/VGA_40x30_sv/ram2k_8.sv">
      <FileInfo>
        <Attr Name="ImportPath" Val="$PPRDIR/../Downloads/VGA_40x30_sv/ram2k_8.sv"/>
        <Attr Name="ImportTime" Val="1552609037"/>
        <Attr Name="UsedIn" Val="synthesis"/>
        <Attr Name="UsedIn" Val="implementation"/>
        <Attr Name="UsedIn" Val="simulation"/>
      </FileInfo>
    </File>
    <File Path="$PSRCDIR/sources_1/imports/VGA_40x30_sv/vga_driver.sv">
      <FileInfo>
        <Attr Name="ImportPath" Val="$PPRDIR/../Downloads/VGA_40x30_sv/vga_driver.sv"/>
        <Attr Name="ImportTime" Val="1552609037"/>
        <Attr Name="UsedIn" Val="synthesis"/>
        <Attr Name="UsedIn" Val="implementation"/>
        <Attr Name="UsedIn" Val="simulation"/>
      </FileInfo>
    </File>
    <File Path="$PSRCDIR/sources_1/imports/VGA_40x30_sv/vga_fb_driver.sv">
      <FileInfo>
        <Attr Name="ImportPath" Val="$PPRDIR/../Downloads/VGA_40x30_sv/vga_fb_driver.sv"/>
        <Attr Name="ImportTime" Val="1552609037"/>
        <Attr Name="UsedIn" Val="synthesis"/>
        <Attr Name="UsedIn" Val="implementation"/>
        <Attr Name="UsedIn" Val="simulation"/>
      </FileInfo>
    </File>
    <File Path="$PSRCDIR/sources_1/imports/imports/233_Final_Project-master/RAT_WRAPPER.sv">
      <FileInfo>
        <Attr Name="ImportPath" Val="$PPRDIR/../Desktop/RAT/RAT_MCU-master/Push 3.14/FINAL_RAT/FINAL_RAT.srcs/sources_1/imports/233_Final_Project-master/RAT_WRAPPER.sv"/>
        <Attr Name="ImportTime" Val="1552608551"/>
        <Attr Name="UsedIn" Val="synthesis"/>
        <Attr Name="UsedIn" Val="implementation"/>
        <Attr Name="UsedIn" Val="simulation"/>
      </FileInfo>
    </File>
    <File Path="$PSRCDIR/sources_1/imports/imports/233_Final_Project-master/DEBOUNCE.sv">
      <FileInfo>
        <Attr Name="AutoDisabled" Val="1"/>
        <Attr Name="ImportPath" Val="$PPRDIR/../Desktop/RAT/RAT_MCU-master/Push 3.14/FINAL_RAT/FINAL_RAT.srcs/sources_1/imports/233_Final_Project-master/DEBOUNCE.sv"/>
        <Attr Name="ImportTime" Val="1552608551"/>
        <Attr Name="UsedIn" Val="synthesis"/>
        <Attr Name="UsedIn" Val="implementation"/>
        <Attr Name="UsedIn" Val="simulation"/>
      </FileInfo>
    </File>
    <File Path="$PSRCDIR/sources_1/imports/imports/233_Final_Project-master/FLAGS.sv">
      <FileInfo>
        <Attr Name="AutoDisabled" Val="1"/>
        <Attr Name="ImportPath" Val="$PPRDIR/../Desktop/RAT/RAT_MCU-master/Push 3.14/FINAL_RAT/FINAL_RAT.srcs/sources_1/imports/233_Final_Project-master/FLAGS.sv"/>
        <Attr Name="ImportTime" Val="1552608551"/>
        <Attr Name="UsedIn" Val="synthesis"/>
        <Attr Name="UsedIn" Val="implementation"/>
        <Attr Name="UsedIn" Val="simulation"/>
      </FileInfo>
    </File>
    <File Path="$PSRCDIR/sources_1/imports/imports/RatSimulator/RAT_FINAL_V16.mem">
      <FileInfo>
        <Attr Name="ImportPath" Val="$PPRDIR/../Desktop/RAT/RAT_MCU-master/Push 3.14/FINAL_RAT/FINAL_RAT.srcs/sources_1/imports/RatSimulator/RAT_FINAL_V16.mem"/>
        <Attr Name="ImportTime" Val="1552608551"/>
        <Attr Name="UsedIn" Val="synthesis"/>
        <Attr Name="UsedIn" Val="simulation"/>
      </FileInfo>
    </File>
    <File Path="$PSRCDIR/sources_1/new/RAT_FINAL_V22.mem">
      <FileInfo>
        <Attr Name="UsedIn" Val="synthesis"/>
        <Attr Name="UsedIn" Val="simulation"/>
      </FileInfo>
    </File>
    <File Path="$PSRCDIR/sources_1/imports/Desktop/KeyboardTest.mem">
      <FileInfo>
        <Attr Name="ImportPath" Val="$PPRDIR/../Desktop/KeyboardTest.mem"/>
        <Attr Name="ImportTime" Val="1552607094"/>
        <Attr Name="UsedIn" Val="synthesis"/>
        <Attr Name="UsedIn" Val="simulation"/>
      </FileInfo>
    </File>
    <File Path="$PSRCDIR/sources_1/new/RAT_FINAL_V23.mem">
      <FileInfo>
        <Attr Name="UsedIn" Val="synthesis"/>
        <Attr Name="UsedIn" Val="simulation"/>
      </FileInfo>
    </File>
    <File Path="$PSRCDIR/sources_1/new/RAT_FINAL_V24.mem">
      <FileInfo>
        <Attr Name="UsedIn" Val="synthesis"/>
        <Attr Name="UsedIn" Val="simulation"/>
      </FileInfo>
    </File>
    <File Path="$PSRCDIR/sources_1/new/RAT_FINAL_V27.mem">
      <FileInfo>
        <Attr Name="UsedIn" Val="synthesis"/>
        <Attr Name="UsedIn" Val="simulation"/>
      </FileInfo>
    </File>
    <File Path="$PSRCDIR/sources_1/new/RAT_FINAL_29.mem">
      <FileInfo>
        <Attr Name="UsedIn" Val="synthesis"/>
        <Attr Name="UsedIn" Val="simulation"/>
      </FileInfo>
    </File>
    <File Path="$PSRCDIR/sources_1/new/RAT_FINAL_V30.mem">
      <FileInfo>
        <Attr Name="UsedIn" Val="synthesis"/>
        <Attr Name="UsedIn" Val="simulation"/>
      </FileInfo>
    </File>
    <Config>
      <Option Name="DesignMode" Val="RTL"/>
      <Option Name="TopModule" Val="RAT_WRAPPER"/>
      <Option Name="TopAutoSet" Val="TRUE"/>
    </Config>
  </FileSet>
  <FileSet Name="constrs_in" Type="Constrs" RelSrcDir="$PSRCDIR/constrs_1">
    <Filter Type="Constrs"/>
    <File Path="$PPRDIR/../Desktop/RAT/RAT_MCU-master/Push 3.14/FINAL_RAT/FINAL_RAT.srcs/constrs_1/imports/233_Final_Project-master/WRAPPER_CONSTRAINTS.xdc">
      <FileInfo>
        <Attr Name="UsedIn" Val="synthesis"/>
        <Attr Name="UsedIn" Val="implementation"/>
      </FileInfo>
    </File>
    <Config>
      <Option Name="TargetConstrsFile" Val="$PPRDIR/../Desktop/RAT/RAT_MCU-master/Push 3.14/FINAL_RAT/FINAL_RAT.srcs/constrs_1/imports/233_Final_Project-master/WRAPPER_CONSTRAINTS.xdc"/>
      <Option Name="ConstrsType" Val="XDC"/>
    </Config>
  </FileSet>
  <Strategy Version="1" Minor="2">
    <StratHandle Name="Vivado Implementation Defaults" Flow="Vivado Implementation 2018">
      <Desc>Default settings for Implementation.</Desc>
    </StratHandle>
    <Step Id="init_design"/>
    <Step Id="opt_design"/>
    <Step Id="power_opt_design"/>
    <Step Id="place_design"/>
    <Step Id="post_place_power_opt_design"/>
    <Step Id="phys_opt_design"/>
    <Step Id="route_design"/>
    <Step Id="post_route_phys_opt_design"/>
    <Step Id="write_bitstream"/>
  </Strategy>
</GenRun>
